audit_id,source_family,access_surface,source_id,rights_evidence,public_factual_use,automated_extraction,raw_copy_storage,repository_redistribution,project_decision,rationale
SAA001,Top Brand,Survey methodology webpage,SRC_TBA_001,"Public webpage with copyright notice; methodology is displayed for informational access",allowed_limited_paraphrase_and_method_metadata,not_needed,not_store_page_copy,derived_metadata_only,approved_reference_use,"Method definitions are necessary for correct interpretation; copied webpage content is unnecessary."
SAA002,Top Brand,Public Top Brand Index,SRC_TBA_003,"Public index tables are accessible but no explicit bulk-extraction or redistribution permission was identified",allowed_limited_factual_observations,manual_limited_only,do_not_store_page_or_bulk_table,derived_observations_only,approved_limited_reference_acquisition,"Use only observations required for pre-specified focal brands and eligible categories; do not mirror the public index."
SAA003,Top Brand,Public Komparasi Brand interface,SRC_TBA_004,"Public longitudinal values are displayed but no explicit bulk-extraction or redistribution permission was identified",allowed_limited_factual_observations,manual_limited_only,do_not_store_page_or_bulk_table,derived_observations_only,approved_limited_reference_acquisition,"Use selected historical values with provenance; missing or dashed entries remain unavailable."
SAA004,Top Brand,Detailed survey reports,SRC_TBA_002,"Official access page states detailed reports are confidential and subject to usage terms",not_allowed_without_licensed_or_explicit_permission,prohibited,do_not_store,prohibited,blocked,"Availability for academic or commercial request does not grant public redistribution rights."
SAA005,Worldpanel by Numerator,Public Indonesia news summaries,"SRC_WPN_001;SRC_WPN_003;SRC_WPN_004;SRC_WPN_005;SRC_WPN_006;SRC_WPN_007;SRC_WPN_008;SRC_WPN_009;SRC_WPN_010","Worldpanel terms reserve intellectual-property rights and restrict copying and commercial reuse without permission",allowed_limited_factual_paraphrase,no_automated_bulk_acquisition,do_not_store_page_or_report_copy,derived_metadata_and_limited_facts_only,approved_reference_use,"Preserve source URLs and methodology facts; do not reproduce substantial rankings, tables, graphics, or reports."
SAA006,Worldpanel by Numerator,Downloadable reports and interactive ranking tools,SRC_WPN_002,"Terms do not establish a public redistribution licence for report or interactive-tool content",not_assumed,prohibited_without_permission,do_not_store_in_repository,prohibited_without_permission,blocked_for_raw_acquisition,"Public accessibility does not imply permission to mirror or redistribute underlying proprietary content."
SAA007,Worldpanel by Numerator,Website terms,SRC_WPN_002,"Terms permit ordinary site viewing while reserving intellectual-property rights and restricting reuse",allowed_as_legal_provenance,not_applicable,reference_only,reference_only,audit_complete,"Terms are retained as the controlling rights-evidence source for Worldpanel website acquisition decisions."
SAA008,Numerator,Current website content and terms,SRC_NUM_001,"Terms effective 2025-04-01 describe site content as proprietary and restrict copying, extraction, and derivative use unless expressly allowed",allowed_reference_and_limited_factual_paraphrase,no_automated_bulk_acquisition,reference_only,derived_metadata_only,audit_complete,"Current provider content is used conservatively for provenance and context, not as a redistributable dataset."
SAA009,Worldpanel by Numerator,Provider transition announcement,SRC_WPN_011,"Public provider announcement; no evidence that the corporate transition itself changed the Brand Footprint methodology",allowed_factual_provenance,not_needed,reference_only,derived_metadata_only,approved_reference_use,"Record the provider transition as provenance; classify a methodology break only if methodological evidence separately supports one."
