structural_record_id,group,operating_company,brand_family,brand,category_scope,relationship_type,ownership_start,ownership_end,source_id,verification_status,notes,category_crosswalk_id,canonical_sector,canonical_category,canonical_subcategory,primary_universe_status,category_mapping_status,current_at_reference_date,strict_control_primary,structural_brand_count_key,structural_brand_breadth_eligible,structural_category_breadth_eligible,structural_category_count_key,structural_exclusion_reason
STR_001,Wings Group,Operating entity unresolved within Wings Group,ALE-ALE,ALE-ALE,pending_category_standardization,controlled_group_portfolio,,,SRC_WNG_002;SRC_WNG_003,verified_group_portfolio,Group attribution verified; operating entity unresolved.,CAT027,,,,pending,unresolved,yes,yes,wings_group__ale_ale,yes,no,,category_mapping_not_ready_for_category_breadth
STR_002,Wings Group,Operating entity unresolved within Wings Group,AQUVIVA,AQUVIVA,pending_category_standardization,controlled_group_portfolio,,,SRC_WNG_002;SRC_WNG_003,verified_group_portfolio,Group attribution verified; operating entity unresolved.,CAT027,,,,pending,unresolved,yes,yes,wings_group__aquviva,yes,no,,category_mapping_not_ready_for_category_breadth
STR_003,Wings Group,Operating entity unresolved within Wings Group,Baby Happy,Baby Happy,pending_category_standardization,controlled_group_portfolio,,,SRC_WNG_002;SRC_WNG_003,verified_group_portfolio,Group attribution verified; operating entity unresolved.,CAT027,,,,pending,unresolved,yes,yes,wings_group__baby_happy,yes,no,,category_mapping_not_ready_for_category_breadth
STR_004,Wings Group,Operating entity unresolved within Wings Group,Boom,Boom,pending_category_standardization,controlled_group_portfolio,,,SRC_WNG_002;SRC_WNG_003,verified_group_portfolio,Group attribution verified; operating entity unresolved.,CAT027,,,,pending,unresolved,yes,yes,wings_group__boom,yes,no,,category_mapping_not_ready_for_category_breadth
STR_005,Wings Group,Operating entity unresolved within Wings Group,Sedaap,Bumbu Kaldu Sedaap,pending_category_standardization,controlled_group_portfolio,,,SRC_WNG_002;SRC_WNG_003,verified_group_portfolio,Group attribution verified; operating entity unresolved.,CAT027,,,,pending,unresolved,yes,yes,wings_group__sedaap,yes,no,,category_mapping_not_ready_for_category_breadth
STR_006,Wings Group,Operating entity unresolved within Wings Group,ChocoDrink,ChocoDrink,pending_category_standardization,controlled_group_portfolio,,,SRC_WNG_002;SRC_WNG_003,verified_group_portfolio,Group attribution verified; operating entity unresolved.,CAT027,,,,pending,unresolved,yes,yes,wings_group__chocodrink,yes,no,,category_mapping_not_ready_for_category_breadth
STR_007,Wings Group,Operating entity unresolved within Wings Group,Daia,Daia,pending_category_standardization,controlled_group_portfolio,,,SRC_WNG_002;SRC_WNG_003,verified_group_portfolio,Group attribution verified; operating entity unresolved.,CAT027,,,,pending,unresolved,yes,yes,wings_group__daia,yes,no,,category_mapping_not_ready_for_category_breadth
STR_008,Wings Group,Operating entity unresolved within Wings Group,EkoMie,EkoMie,pending_category_standardization,controlled_group_portfolio,,,SRC_WNG_002;SRC_WNG_003,verified_group_portfolio,Group attribution verified; operating entity unresolved.,CAT027,,,,pending,unresolved,yes,yes,wings_group__ekomie,yes,no,,category_mapping_not_ready_for_category_breadth
STR_009,Wings Group,Operating entity unresolved within Wings Group,Ekonomi,Ekonomi Power Liquid,pending_category_standardization,controlled_group_portfolio,,,SRC_WNG_002;SRC_WNG_003,verified_group_portfolio,Group attribution verified; operating entity unresolved.,CAT027,,,,pending,unresolved,yes,yes,wings_group__ekonomi,yes,no,,category_mapping_not_ready_for_category_breadth
STR_010,Wings Group,Operating entity unresolved within Wings Group,Floridina,Floridina,pending_category_standardization,controlled_group_portfolio,,,SRC_WNG_002;SRC_WNG_003,verified_group_portfolio,Group attribution verified; operating entity unresolved.,CAT027,,,,pending,unresolved,yes,yes,wings_group__floridina,yes,no,,category_mapping_not_ready_for_category_breadth
STR_011,Wings Group,Operating entity unresolved within Wings Group,FN Man,FN Man,pending_category_standardization,controlled_group_portfolio,,,SRC_WNG_002;SRC_WNG_003,verified_group_portfolio,Group attribution verified; operating entity unresolved.,CAT027,,,,pending,unresolved,yes,yes,wings_group__fn_man,yes,no,,category_mapping_not_ready_for_category_breadth
STR_012,Wings Group,Operating entity unresolved within Wings Group,Fres & Natural,Fres & Natural Soap,pending_category_standardization,controlled_group_portfolio,,,SRC_WNG_002;SRC_WNG_003,verified_group_portfolio,Group attribution verified; operating entity unresolved.,CAT027,,,,pending,unresolved,yes,yes,wings_group__fres_natural,yes,no,,category_mapping_not_ready_for_category_breadth
STR_013,Wings Group,Operating entity unresolved within Wings Group,Fres & Natural,Fres & Natural Spray,pending_category_standardization,controlled_group_portfolio,,,SRC_WNG_002;SRC_WNG_003,verified_group_portfolio,Group attribution verified; operating entity unresolved.,CAT027,,,,pending,unresolved,yes,yes,wings_group__fres_natural,yes,no,,category_mapping_not_ready_for_category_breadth
STR_014,Wings Group,Operating entity unresolved within Wings Group,GIV,GIV,pending_category_standardization,controlled_group_portfolio,,,SRC_WNG_002;SRC_WNG_003,verified_group_portfolio,Group attribution verified; operating entity unresolved.,CAT027,,,,pending,unresolved,yes,yes,wings_group__giv,yes,no,,category_mapping_not_ready_for_category_breadth
STR_015,Wings Group,Operating entity unresolved within Wings Group,GIV,GIV White,pending_category_standardization,controlled_group_portfolio,,,SRC_WNG_002;SRC_WNG_003,verified_group_portfolio,Group attribution verified; operating entity unresolved.,CAT027,,,,pending,unresolved,yes,yes,wings_group__giv,yes,no,,category_mapping_not_ready_for_category_breadth
STR_016,Wings Group,Operating entity unresolved within Wings Group,GOLDA,GOLDA Coffee,pending_category_standardization,controlled_group_portfolio,,,SRC_WNG_002;SRC_WNG_003,verified_group_portfolio,Group attribution verified; operating entity unresolved.,CAT027,,,,pending,unresolved,yes,yes,wings_group__golda,yes,no,,category_mapping_not_ready_for_category_breadth
STR_017,Wings Group,Operating entity unresolved within Wings Group,Hers Protex,Hers Protex,pending_category_standardization,controlled_group_portfolio,,,SRC_WNG_002;SRC_WNG_003,verified_group_portfolio,Group attribution verified; operating entity unresolved.,CAT027,,,,pending,unresolved,yes,yes,wings_group__hers_protex,yes,no,,category_mapping_not_ready_for_category_breadth
STR_018,Wings Group,Operating entity unresolved within Wings Group,ISOPLUS,ISOPLUS,pending_category_standardization,controlled_group_portfolio,,,SRC_WNG_002;SRC_WNG_003,verified_group_portfolio,Group attribution verified; operating entity unresolved.,CAT027,,,,pending,unresolved,yes,yes,wings_group__isoplus,yes,no,,category_mapping_not_ready_for_category_breadth
STR_019,Wings Group,Operating entity unresolved within Wings Group,Jas Jus,Jas Jus,pending_category_standardization,controlled_group_portfolio,,,SRC_WNG_002;SRC_WNG_003,verified_group_portfolio,Group attribution verified; operating entity unresolved.,CAT027,,,,pending,unresolved,yes,yes,wings_group__jas_jus,yes,no,,category_mapping_not_ready_for_category_breadth
STR_020,Wings Group,Operating entity unresolved within Wings Group,Sedaap,Kecap Sedaap,pending_category_standardization,controlled_group_portfolio,,,SRC_WNG_002;SRC_WNG_003,verified_group_portfolio,Group attribution verified; operating entity unresolved.,CAT027,,,,pending,unresolved,yes,yes,wings_group__sedaap,yes,no,,category_mapping_not_ready_for_category_breadth
STR_021,Wings Group,Operating entity unresolved within Wings Group,Sedaap,Mie Sedaap,pending_category_standardization,controlled_group_portfolio,,,SRC_WNG_002;SRC_WNG_003,verified_group_portfolio,Group attribution verified; operating entity unresolved.,CAT027,,,,pending,unresolved,yes,yes,wings_group__sedaap,yes,no,,category_mapping_not_ready_for_category_breadth
STR_022,Wings Group,Operating entity unresolved within Wings Group,Sedaap,Mie Sedaap Cup,pending_category_standardization,controlled_group_portfolio,,,SRC_WNG_002;SRC_WNG_003,verified_group_portfolio,Group attribution verified; operating entity unresolved.,CAT027,,,,pending,unresolved,yes,yes,wings_group__sedaap,yes,no,,category_mapping_not_ready_for_category_breadth
STR_023,Wings Group,Operating entity unresolved within Wings Group,Sedaap,Mie Sedaap Ramen Yes,pending_category_standardization,controlled_group_portfolio,,,SRC_WNG_002;SRC_WNG_003,verified_group_portfolio,Group attribution verified; operating entity unresolved.,CAT027,,,,pending,unresolved,yes,yes,wings_group__sedaap,yes,no,,category_mapping_not_ready_for_category_breadth
STR_024,Wings Group,Operating entity unresolved within Wings Group,Sedaap,Mie Sedaap Tasty,pending_category_standardization,controlled_group_portfolio,,,SRC_WNG_002;SRC_WNG_003,verified_group_portfolio,Group attribution verified; operating entity unresolved.,CAT027,,,,pending,unresolved,yes,yes,wings_group__sedaap,yes,no,,category_mapping_not_ready_for_category_breadth
STR_025,Wings Group,Operating entity unresolved within Wings Group,Mie Sukses's,Mie Sukses's Isi 2,pending_category_standardization,controlled_group_portfolio,,,SRC_WNG_002;SRC_WNG_003,verified_group_portfolio,Group attribution verified; operating entity unresolved.,CAT027,,,,pending,unresolved,yes,yes,wings_group__mie_sukses_s,yes,no,,category_mapping_not_ready_for_category_breadth
STR_026,Wings Group,Operating entity unresolved within Wings Group,Milkjus,Milkjus,pending_category_standardization,controlled_group_portfolio,,,SRC_WNG_002;SRC_WNG_003,verified_group_portfolio,Group attribution verified; operating entity unresolved.,CAT027,,,,pending,unresolved,yes,yes,wings_group__milkjus,yes,no,,category_mapping_not_ready_for_category_breadth
STR_027,Wings Group,Operating entity unresolved within Wings Group,MILKU,MILKU,pending_category_standardization,controlled_group_portfolio,,,SRC_WNG_002;SRC_WNG_003,verified_group_portfolio,Group attribution verified; operating entity unresolved.,CAT027,,,,pending,unresolved,yes,yes,wings_group__milku,yes,no,,category_mapping_not_ready_for_category_breadth
STR_028,Wings Group,Operating entity unresolved within Wings Group,Neo Coffee,Neo Coffee,pending_category_standardization,controlled_group_portfolio,,,SRC_WNG_002;SRC_WNG_003,verified_group_portfolio,Group attribution verified; operating entity unresolved.,CAT027,,,,pending,unresolved,yes,yes,wings_group__neo_coffee,yes,no,,category_mapping_not_ready_for_category_breadth
STR_029,Wings Group,Operating entity unresolved within Wings Group,Nuvo,Nuvo,pending_category_standardization,controlled_group_portfolio,,,SRC_WNG_002;SRC_WNG_003,verified_group_portfolio,Group attribution verified; operating entity unresolved.,CAT027,,,,pending,unresolved,yes,yes,wings_group__nuvo,yes,no,,category_mapping_not_ready_for_category_breadth
STR_030,Wings Group,Operating entity unresolved within Wings Group,Power F,Power F,pending_category_standardization,controlled_group_portfolio,,,SRC_WNG_002;SRC_WNG_003,verified_group_portfolio,Group attribution verified; operating entity unresolved.,CAT027,,,,pending,unresolved,yes,yes,wings_group__power_f,yes,no,,category_mapping_not_ready_for_category_breadth
STR_031,Wings Group,Operating entity unresolved within Wings Group,ProGuard,ProGuard,pending_category_standardization,controlled_group_portfolio,,,SRC_WNG_002;SRC_WNG_003,verified_group_portfolio,Group attribution verified; operating entity unresolved.,CAT027,,,,pending,unresolved,yes,yes,wings_group__proguard,yes,no,,category_mapping_not_ready_for_category_breadth
STR_032,Wings Group,Operating entity unresolved within Wings Group,Ekonomi,Sabun Cream Ekonomi,pending_category_standardization,controlled_group_portfolio,,,SRC_WNG_002;SRC_WNG_003,verified_group_portfolio,Group attribution verified; operating entity unresolved.,CAT027,,,,pending,unresolved,yes,yes,wings_group__ekonomi,yes,no,,category_mapping_not_ready_for_category_breadth
STR_033,Wings Group,Operating entity unresolved within Wings Group,Segar Dingin,Segar Dingin,pending_category_standardization,controlled_group_portfolio,,,SRC_WNG_002;SRC_WNG_003,verified_group_portfolio,Group attribution verified; operating entity unresolved.,CAT027,,,,pending,unresolved,yes,yes,wings_group__segar_dingin,yes,no,,category_mapping_not_ready_for_category_breadth
STR_034,Wings Group,Operating entity unresolved within Wings Group,So Fresh,So Fresh,pending_category_standardization,controlled_group_portfolio,,,SRC_WNG_002;SRC_WNG_003,verified_group_portfolio,Group attribution verified; operating entity unresolved.,CAT027,,,,pending,unresolved,yes,yes,wings_group__so_fresh,yes,no,,category_mapping_not_ready_for_category_breadth
STR_035,Wings Group,Operating entity unresolved within Wings Group,So Soft,So Soft Detergent,pending_category_standardization,controlled_group_portfolio,,,SRC_WNG_002;SRC_WNG_003,verified_group_portfolio,Group attribution verified; operating entity unresolved.,CAT027,,,,pending,unresolved,yes,yes,wings_group__so_soft,yes,no,,category_mapping_not_ready_for_category_breadth
STR_036,Wings Group,Operating entity unresolved within Wings Group,So Yumie,So Yumie,pending_category_standardization,controlled_group_portfolio,,,SRC_WNG_002;SRC_WNG_003,verified_group_portfolio,Group attribution verified; operating entity unresolved.,CAT027,,,,pending,unresolved,yes,yes,wings_group__so_yumie,yes,no,,category_mapping_not_ready_for_category_breadth
STR_037,Wings Group,Operating entity unresolved within Wings Group,SoKlin,SoKlin,pending_category_standardization,controlled_group_portfolio,,,SRC_WNG_002;SRC_WNG_003,verified_group_portfolio,Group attribution verified; operating entity unresolved.,CAT027,,,,pending,unresolved,yes,yes,wings_group__soklin,yes,no,,category_mapping_not_ready_for_category_breadth
STR_038,Wings Group,Operating entity unresolved within Wings Group,SUPERSOL,SUPERSOL,pending_category_standardization,controlled_group_portfolio,,,SRC_WNG_002;SRC_WNG_003,verified_group_portfolio,Group attribution verified; operating entity unresolved.,CAT027,,,,pending,unresolved,yes,yes,wings_group__supersol,yes,no,,category_mapping_not_ready_for_category_breadth
STR_039,Wings Group,Operating entity unresolved within Wings Group,Tea Jus,Tea Jus,pending_category_standardization,controlled_group_portfolio,,,SRC_WNG_002;SRC_WNG_003,verified_group_portfolio,Group attribution verified; operating entity unresolved.,CAT027,,,,pending,unresolved,yes,yes,wings_group__tea_jus,yes,no,,category_mapping_not_ready_for_category_breadth
STR_040,Wings Group,Operating entity unresolved within Wings Group,Teh Javana,Teh Javana,pending_category_standardization,controlled_group_portfolio,,,SRC_WNG_002;SRC_WNG_003,verified_group_portfolio,Group attribution verified; operating entity unresolved.,CAT027,,,,pending,unresolved,yes,yes,wings_group__teh_javana,yes,no,,category_mapping_not_ready_for_category_breadth
STR_041,Wings Group,Operating entity unresolved within Wings Group,Teh Rio,Teh Rio,pending_category_standardization,controlled_group_portfolio,,,SRC_WNG_002;SRC_WNG_003,verified_group_portfolio,Group attribution verified; operating entity unresolved.,CAT027,,,,pending,unresolved,yes,yes,wings_group__teh_rio,yes,no,,category_mapping_not_ready_for_category_breadth
STR_042,Wings Group,Operating entity unresolved within Wings Group,TOP Coffee,TOP Coffee,pending_category_standardization,controlled_group_portfolio,,,SRC_WNG_002;SRC_WNG_003,verified_group_portfolio,Group attribution verified; operating entity unresolved.,CAT027,,,,pending,unresolved,yes,yes,wings_group__top_coffee,yes,no,,category_mapping_not_ready_for_category_breadth
STR_043,Wings Group,Operating entity unresolved within Wings Group,WINGS,WINGS Biru,pending_category_standardization,controlled_group_portfolio,,,SRC_WNG_002;SRC_WNG_003,verified_group_portfolio,Group attribution verified; operating entity unresolved.,CAT027,,,,pending,unresolved,yes,yes,wings_group__wings,yes,no,,category_mapping_not_ready_for_category_breadth
STR_044,Wings Group,Operating entity unresolved within Wings Group,WIZ,WIZ 24 Disinfectant,pending_category_standardization,controlled_group_portfolio,,,SRC_WNG_002;SRC_WNG_003,verified_group_portfolio,Group attribution verified; operating entity unresolved.,CAT027,,,,pending,unresolved,yes,yes,wings_group__wiz,yes,no,,category_mapping_not_ready_for_category_breadth
STR_045,Wings Group,Operating entity unresolved within Wings Group,WPC,WPC Toilet Cleaner,pending_category_standardization,controlled_group_portfolio,,,SRC_WNG_002;SRC_WNG_003,verified_group_portfolio,Group attribution verified; operating entity unresolved.,CAT027,,,,pending,unresolved,yes,yes,wings_group__wpc,yes,no,,category_mapping_not_ready_for_category_breadth
STR_046,Wings Group,PT Lion Wings,Ciptadent,Ciptadent,pending_category_standardization,joint_venture,,,SRC_WNG_001,verified_joint_venture_portfolio,Excluded from strict-control primary attribution.,CAT027,,,,pending,unresolved,yes,no,wings_group__ciptadent,no,no,,outside_current_strict_control_primary_view
STR_047,Wings Group,PT Lion Wings,Kodomo,Kodomo,pending_category_standardization,joint_venture,,,SRC_WNG_001,verified_joint_venture_portfolio,Excluded from strict-control primary attribution.,CAT027,,,,pending,unresolved,yes,no,wings_group__kodomo,no,no,,outside_current_strict_control_primary_view
STR_048,Wings Group,PT Lion Wings,Systema,Systema,pending_category_standardization,joint_venture,,,SRC_WNG_001,verified_joint_venture_portfolio,Excluded from strict-control primary attribution.,CAT027,,,,pending,unresolved,yes,no,wings_group__systema,no,no,,outside_current_strict_control_primary_view
STR_049,Wings Group,PT Lion Wings,Emeron,Emeron,pending_category_standardization,joint_venture,,,SRC_WNG_001,verified_joint_venture_portfolio,Excluded from strict-control primary attribution.,CAT027,,,,pending,unresolved,yes,no,wings_group__emeron,no,no,,outside_current_strict_control_primary_view
STR_050,Wings Group,PT Lion Wings,Serasoft,Serasoft,pending_category_standardization,joint_venture,,,SRC_WNG_001,verified_joint_venture_portfolio,Excluded from strict-control primary attribution.,CAT027,,,,pending,unresolved,yes,no,wings_group__serasoft,no,no,,outside_current_strict_control_primary_view
STR_051,Wings Group,PT Lion Wings,Zinc,Zinc,pending_category_standardization,joint_venture,,,SRC_WNG_001,verified_joint_venture_portfolio,Excluded from strict-control primary attribution.,CAT027,,,,pending,unresolved,yes,no,wings_group__zinc,no,no,,outside_current_strict_control_primary_view
STR_052,Wings Group,PT Lion Wings,Mama Lemon,Mama Lemon,pending_category_standardization,joint_venture,,,SRC_WNG_001,verified_joint_venture_portfolio,Excluded from strict-control primary attribution.,CAT027,,,,pending,unresolved,yes,no,wings_group__mama_lemon,no,no,,outside_current_strict_control_primary_view
STR_053,Wings Group,PT Lion Wings,Posh,Posh,pending_category_standardization,joint_venture,,,SRC_WNG_001,verified_joint_venture_portfolio,Excluded from strict-control primary attribution.,CAT027,,,,pending,unresolved,yes,no,wings_group__posh,no,no,,outside_current_strict_control_primary_view
STR_054,Wings Group,PT Glico Wings,Haku,Haku,ice cream,joint_venture,,,SRC_WNG_001,verified_joint_venture_portfolio,Excluded from strict-control primary attribution.,CAT020,Dairy,Ice Cream,,included,direct,yes,no,wings_group__haku,no,no,,outside_current_strict_control_primary_view
STR_055,Wings Group,PT Glico Wings,Waku Waku,Waku Waku,ice cream,joint_venture,,,SRC_WNG_001,verified_joint_venture_portfolio,Excluded from strict-control primary attribution.,CAT020,Dairy,Ice Cream,,included,direct,yes,no,wings_group__waku_waku,no,no,,outside_current_strict_control_primary_view
STR_056,Wings Group,PT Glico Wings,Frost Bite,Frost Bite,ice cream,joint_venture,,,SRC_WNG_001,verified_joint_venture_portfolio,Excluded from strict-control primary attribution.,CAT020,Dairy,Ice Cream,,included,direct,yes,no,wings_group__frost_bite,no,no,,outside_current_strict_control_primary_view
STR_057,Wings Group,PT Glico Wings,J-Cone,J-Cone,ice cream,joint_venture,,,SRC_WNG_001,verified_joint_venture_portfolio,Excluded from strict-control primary attribution.,CAT020,Dairy,Ice Cream,,included,direct,yes,no,wings_group__j_cone,no,no,,outside_current_strict_control_primary_view
STR_058,Wings Group,PT Calbee Wings,Potabee,Potabee,snack foods,joint_venture,,,SRC_WNG_001,verified_joint_venture_portfolio,Excluded from strict-control primary attribution.,CAT031,Food,Snacks,,included,direct,yes,no,wings_group__potabee,no,no,,outside_current_strict_control_primary_view
STR_059,Wings Group,PT Calbee Wings,Krisbee,Krisbee,snack foods,joint_venture,,,SRC_WNG_001,verified_joint_venture_portfolio,Excluded from strict-control primary attribution.,CAT031,Food,Snacks,,included,direct,yes,no,wings_group__krisbee,no,no,,outside_current_strict_control_primary_view
STR_060,Wings Group,PT Calbee Wings,Japota,Japota,snack foods,joint_venture,,,SRC_WNG_001,verified_joint_venture_portfolio,Excluded from strict-control primary attribution.,CAT031,Food,Snacks,,included,direct,yes,no,wings_group__japota,no,no,,outside_current_strict_control_primary_view
STR_061,Indofood,ICBP Noodles Division,Indomie,Indomie,instant noodles,controlled,,,SRC_IDF_002,verified_current_control,,CAT021,Food,Noodles,Instant Noodles,included,direct,yes,yes,indofood__indomie,yes,yes,indofood__noodles,
STR_062,Indofood,ICBP Noodles Division,Supermi,Supermi,instant noodles,controlled,,,SRC_IDF_002,verified_current_control,,CAT021,Food,Noodles,Instant Noodles,included,direct,yes,yes,indofood__supermi,yes,yes,indofood__noodles,
STR_063,Indofood,ICBP Noodles Division,Sarimi,Sarimi,instant noodles,controlled,,,SRC_IDF_002,verified_current_control,,CAT021,Food,Noodles,Instant Noodles,included,direct,yes,yes,indofood__sarimi,yes,yes,indofood__noodles,
STR_064,Indofood,ICBP Noodles Division,Sakura,Sakura,instant noodles,controlled,,,SRC_IDF_002,verified_current_control,,CAT021,Food,Noodles,Instant Noodles,included,direct,yes,yes,indofood__sakura,yes,yes,indofood__noodles,
STR_065,Indofood,ICBP Noodles Division,Pop Mie,Pop Mie,instant noodles,controlled,,,SRC_IDF_002,verified_current_control,,CAT021,Food,Noodles,Instant Noodles,included,direct,yes,yes,indofood__pop_mie,yes,yes,indofood__noodles,
STR_066,Indofood,ICBP Noodles Division,Cap 3 Ayam,Mie Telur Cap 3 Ayam,egg noodles,controlled,,,SRC_IDF_002,verified_current_control,,CAT013,Food,Noodles,Egg Noodles,included,direct,yes,yes,indofood__cap_3_ayam,yes,yes,indofood__noodles,
STR_067,Indofood,PT Indolakto,Indomilk,Indomilk,dairy,controlled,,,SRC_IDF_002,verified_current_control,,CAT012,Dairy,Dairy Products,,included,direct,yes,yes,indofood__indomilk,yes,yes,indofood__dairy_products,
STR_068,Indofood,PT Indolakto,Cap Enaak,Cap Enaak,dairy,controlled,,,SRC_IDF_002,verified_current_control,,CAT012,Dairy,Dairy Products,,included,direct,yes,yes,indofood__cap_enaak,yes,yes,indofood__dairy_products,
STR_069,Indofood,PT Indolakto,Kremer,Kremer,dairy,controlled,,,SRC_IDF_002,verified_current_control,,CAT012,Dairy,Dairy Products,,included,direct,yes,yes,indofood__kremer,yes,yes,indofood__dairy_products,
STR_070,Indofood,PT Indolakto,Tiga Sapi,Tiga Sapi,dairy,controlled,,,SRC_IDF_002,verified_current_control,,CAT012,Dairy,Dairy Products,,included,direct,yes,yes,indofood__tiga_sapi,yes,yes,indofood__dairy_products,
STR_071,Indofood,PT Indolakto,Milkuat,Milkuat,dairy,controlled,,,SRC_IDF_002,verified_current_control,,CAT012,Dairy,Dairy Products,,included,direct,yes,yes,indofood__milkuat,yes,yes,indofood__dairy_products,
STR_072,Indofood,PT Indolakto,Indofood Ice Cream,Indofood Ice Cream,ice cream,controlled,,,SRC_IDF_002,verified_current_control,,CAT020,Dairy,Ice Cream,,included,direct,yes,yes,indofood__indofood_ice_cream,yes,yes,indofood__ice_cream,
STR_073,Indofood,PT Indolakto,Orchid,Orchid Butter,butter,controlled,,,SRC_IDF_002,verified_current_control,,CAT005,Dairy,Butter,,included,direct,yes,yes,indofood__orchid,yes,yes,indofood__butter,
STR_074,Indofood,PT Indofood Fortuna Makmur,Chitato,Chitato,snack foods,controlled,,,SRC_IDF_002,verified_current_control,,CAT031,Food,Snacks,,included,direct,yes,yes,indofood__chitato,yes,yes,indofood__snacks,
STR_075,Indofood,PT Indofood Fortuna Makmur,Qtela,Qtela,snack foods,controlled,,,SRC_IDF_002,verified_current_control,,CAT031,Food,Snacks,,included,direct,yes,yes,indofood__qtela,yes,yes,indofood__snacks,
STR_076,Indofood,PT Indofood Fortuna Makmur,Chiki,Chiki,snack foods,controlled,,,SRC_IDF_002,verified_current_control,,CAT031,Food,Snacks,,included,direct,yes,yes,indofood__chiki,yes,yes,indofood__snacks,
STR_077,Indofood,PT Indofood Fortuna Makmur,Maxicorn,Maxicorn,snack foods,controlled,,,SRC_IDF_002,verified_current_control,,CAT031,Food,Snacks,,included,direct,yes,yes,indofood__maxicorn,yes,yes,indofood__snacks,
STR_078,Indofood,PT Indofood Fortuna Makmur,Jetz,Jetz,snack foods,controlled,,,SRC_IDF_002,verified_current_control,,CAT031,Food,Snacks,,included,direct,yes,yes,indofood__jetz,yes,yes,indofood__snacks,
STR_079,Indofood,ICBP Food Seasonings Division,Indofood,Indofood,food seasonings,controlled,,,SRC_IDF_002,verified_current_control,,CAT014,Food,Seasonings and Condiments,Food Seasonings,included,direct,yes,yes,indofood__indofood,yes,yes,indofood__seasonings_and_condiments,
STR_080,Indofood,ICBP Food Seasonings Division,Indofood Racik,Indofood Racik,recipe mixes,controlled,,,SRC_IDF_002,verified_current_control,,CAT030,Food,Seasonings and Condiments,Recipe Mixes,included,direct,yes,yes,indofood__indofood_racik,yes,yes,indofood__seasonings_and_condiments,
STR_081,Indofood,ICBP Food Seasonings Division,Indofood Freiss,Indofood Freiss,cordial syrup,controlled,,,SRC_IDF_002,verified_current_control,,CAT011,Beverages,Syrups,Cordial Syrup,included,direct,yes,yes,indofood__indofood_freiss,yes,yes,indofood__syrups,
STR_082,Indofood,ICBP Nutrition & Special Foods Division,Promina,Promina,nutrition and special foods,controlled,,,SRC_IDF_002,verified_current_control,,CAT024,Food,Nutrition and Health Foods,Nutrition and Special Foods,included,direct,yes,yes,indofood__promina,yes,yes,indofood__nutrition_and_health_foods,
STR_083,Indofood,ICBP Nutrition & Special Foods Division,SUN,SUN,nutrition and special foods,controlled,,,SRC_IDF_002,verified_current_control,,CAT024,Food,Nutrition and Health Foods,Nutrition and Special Foods,included,direct,yes,yes,indofood__sun,yes,yes,indofood__nutrition_and_health_foods,
STR_084,Indofood,ICBP Nutrition & Special Foods Division,Govit,Govit,nutrition and special foods,controlled,,,SRC_IDF_002,verified_current_control,,CAT024,Food,Nutrition and Health Foods,Nutrition and Special Foods,included,direct,yes,yes,indofood__govit,yes,yes,indofood__nutrition_and_health_foods,
STR_085,Indofood,ICBP Nutrition & Special Foods Division,GoWell,GoWell,nutrition and special foods,controlled,,,SRC_IDF_002,verified_current_control,,CAT024,Food,Nutrition and Health Foods,Nutrition and Special Foods,included,direct,yes,yes,indofood__gowell,yes,yes,indofood__nutrition_and_health_foods,
STR_086,Indofood,PT Anugerah Indofood Barokah Makmur,Ichi Ocha,Ichi Ocha,ready-to-drink tea,controlled,,,SRC_IDF_002,verified_current_control,,CAT029,Beverages,Tea,Ready-to-Drink Tea,included,direct,yes,yes,indofood__ichi_ocha,yes,yes,indofood__tea,
STR_087,Indofood,PT Anugerah Indofood Barokah Makmur,Club,Club,packaged water,controlled,,,SRC_IDF_002,verified_current_control,,CAT025,Beverages,Packaged Water,,included,direct,yes,yes,indofood__club,yes,yes,indofood__packaged_water,
STR_088,Indofood,PT Anugerah Indofood Barokah Makmur,Fruitamin,Fruitamin,fruit-flavored drinks,controlled,,,SRC_IDF_002,verified_current_control,,CAT017,Beverages,Fruit Drinks,Fruit-flavored Drinks,included,direct,yes,yes,indofood__fruitamin,yes,yes,indofood__fruit_drinks,
STR_089,Indofood,Bogasari Group,Segitiga Biru,Segitiga Biru,wheat flour,controlled,,,SRC_IDF_003,verified_current_control,,CAT035,Food,Flour,Wheat Flour,included,direct,yes,yes,indofood__segitiga_biru,yes,yes,indofood__flour,
STR_090,Indofood,Bogasari Group,Kunci Biru,Kunci Biru,wheat flour,controlled,,,SRC_IDF_003,verified_current_control,,CAT035,Food,Flour,Wheat Flour,included,direct,yes,yes,indofood__kunci_biru,yes,yes,indofood__flour,
STR_091,Indofood,Bogasari Group,Cakra Kembar,Cakra Kembar,wheat flour,controlled,,,SRC_IDF_003,verified_current_control,,CAT035,Food,Flour,Wheat Flour,included,direct,yes,yes,indofood__cakra_kembar,yes,yes,indofood__flour,
STR_092,Indofood,Bogasari Group,La Fonte,La Fonte,pasta,controlled,,,SRC_IDF_003,verified_current_control,,CAT026,Food,Pasta,,included,direct,yes,yes,indofood__la_fonte,yes,yes,indofood__pasta,
STR_093,Indofood,Agribusiness - Edible Oils & Fats Division,Bimoli,Bimoli,cooking oil,controlled,,,SRC_IDF_004,verified_current_control,,CAT010,Food,Edible Oils and Fats,Cooking Oil,included,direct,yes,yes,indofood__bimoli,yes,yes,indofood__edible_oils_and_fats,
STR_094,Indofood,Agribusiness - Edible Oils & Fats Division,Bimoli,Bimoli Spesial,cooking oil,controlled,,,SRC_IDF_004,verified_current_control,,CAT010,Food,Edible Oils and Fats,Cooking Oil,included,direct,yes,yes,indofood__bimoli,yes,yes,indofood__edible_oils_and_fats,
STR_095,Indofood,Agribusiness - Edible Oils & Fats Division,Delima,Delima,cooking oil,controlled,,,SRC_IDF_004,verified_current_control,,CAT010,Food,Edible Oils and Fats,Cooking Oil,included,direct,yes,yes,indofood__delima,yes,yes,indofood__edible_oils_and_fats,
STR_096,Indofood,Agribusiness - Edible Oils & Fats Division,Happy,Happy,cooking oil,controlled,,,SRC_IDF_004,verified_current_control,,CAT010,Food,Edible Oils and Fats,Cooking Oil,included,direct,yes,yes,indofood__happy,yes,yes,indofood__edible_oils_and_fats,
STR_097,Indofood,Agribusiness - Edible Oils & Fats Division,Palmia,Palmia,margarine,controlled,,,SRC_IDF_004,verified_current_control,,CAT022,Food,Edible Oils and Fats,Margarine,included,direct,yes,yes,indofood__palmia,yes,yes,indofood__edible_oils_and_fats,
STR_098,Indofood,Agribusiness - Edible Oils & Fats Division,Royal Palmia,Royal Palmia,margarine,controlled,,,SRC_IDF_004,verified_current_control,,CAT022,Food,Edible Oils and Fats,Margarine,included,direct,yes,yes,indofood__royal_palmia,yes,yes,indofood__edible_oils_and_fats,
STR_099,Indofood,Agribusiness - Edible Oils & Fats Division,Amanda,Amanda,margarine and shortening,controlled,,,SRC_IDF_004,verified_current_control,,CAT023,Food,Edible Oils and Fats,Margarine and Shortening,included,direct,yes,yes,indofood__amanda,yes,yes,indofood__edible_oils_and_fats,
STR_100,Mayora,PT Mayora Indah Tbk,Roma,Roma,biscuits,controlled,,,SRC_MYR_003;SRC_MYR_004,verified_consolidated_control,,CAT004,Food,Biscuits,,included,direct,yes,yes,mayora__roma,yes,yes,mayora__biscuits,
STR_101,Mayora,PT Mayora Indah Tbk,Royal Choice,Royal Choice,biscuits,controlled,,,SRC_MYR_003;SRC_MYR_004,verified_consolidated_control,,CAT004,Food,Biscuits,,included,direct,yes,yes,mayora__royal_choice,yes,yes,mayora__biscuits,
STR_102,Mayora,PT Mayora Indah Tbk,Better,Better,biscuits,controlled,,,SRC_MYR_003;SRC_MYR_004,verified_consolidated_control,,CAT004,Food,Biscuits,,included,direct,yes,yes,mayora__better,yes,yes,mayora__biscuits,
STR_103,Mayora,PT Mayora Indah Tbk,Slai O Lai,Slai O Lai,biscuits,controlled,,,SRC_MYR_003;SRC_MYR_004,verified_consolidated_control,,CAT004,Food,Biscuits,,included,direct,yes,yes,mayora__slai_o_lai,yes,yes,mayora__biscuits,
STR_104,Mayora,PT Mayora Indah Tbk,Sari Gandum,Sari Gandum,biscuits,controlled,,,SRC_MYR_003;SRC_MYR_004,verified_consolidated_control,,CAT004,Food,Biscuits,,included,direct,yes,yes,mayora__sari_gandum,yes,yes,mayora__biscuits,
STR_105,Mayora,PT Mayora Indah Tbk,Coffeejoy,Coffeejoy,biscuits,controlled,,,SRC_MYR_003;SRC_MYR_004,verified_consolidated_control,,CAT004,Food,Biscuits,,included,direct,yes,yes,mayora__coffeejoy,yes,yes,mayora__biscuits,
STR_106,Mayora,PT Mayora Indah Tbk,Kopiko,Kopiko,confectionery,controlled,,,SRC_MYR_003;SRC_MYR_004,verified_consolidated_control,,CAT009,Food,Confectionery,,included,direct,yes,yes,mayora__kopiko,yes,yes,mayora__confectionery,
STR_107,Mayora,PT Mayora Indah Tbk,KIS,KIS,confectionery,controlled,,,SRC_MYR_003;SRC_MYR_004,verified_consolidated_control,,CAT009,Food,Confectionery,,included,direct,yes,yes,mayora__kis,yes,yes,mayora__confectionery,
STR_108,Mayora,PT Mayora Indah Tbk,Tamarin,Tamarin,confectionery,controlled,,,SRC_MYR_003;SRC_MYR_004,verified_consolidated_control,,CAT009,Food,Confectionery,,included,direct,yes,yes,mayora__tamarin,yes,yes,mayora__confectionery,
STR_109,Mayora,PT Mayora Indah Tbk,Fruta Gummy,Fruta Gummy,confectionery,controlled,,,SRC_MYR_003;SRC_MYR_004,verified_consolidated_control,,CAT009,Food,Confectionery,,included,direct,yes,yes,mayora__fruta_gummy,yes,yes,mayora__confectionery,
STR_110,Mayora,PT Mayora Indah Tbk,Fruitivit,Fruitivit,confectionery,controlled,,,SRC_MYR_003;SRC_MYR_004,verified_consolidated_control,,CAT009,Food,Confectionery,,included,direct,yes,yes,mayora__fruitivit,yes,yes,mayora__confectionery,
STR_111,Mayora,PT Mayora Indah Tbk,Beng Beng,Beng Beng,wafer,controlled,,,SRC_MYR_003;SRC_MYR_004,verified_consolidated_control,,CAT034,Food,Wafers,,included,direct,yes,yes,mayora__beng_beng,yes,yes,mayora__wafers,
STR_112,Mayora,PT Mayora Indah Tbk,Astor,Astor,wafer,controlled,,,SRC_MYR_003;SRC_MYR_004,verified_consolidated_control,,CAT034,Food,Wafers,,included,direct,yes,yes,mayora__astor,yes,yes,mayora__wafers,
STR_113,Mayora,PT Mayora Indah Tbk,Wafello,Wafello,wafer,controlled,,,SRC_MYR_003;SRC_MYR_004,verified_consolidated_control,,CAT034,Food,Wafers,,included,direct,yes,yes,mayora__wafello,yes,yes,mayora__wafers,
STR_114,Mayora,PT Mayora Indah Tbk,Superstar,Superstar Wafer,wafer,controlled,,,SRC_MYR_003;SRC_MYR_004,verified_consolidated_control,,CAT034,Food,Wafers,,included,direct,yes,yes,mayora__superstar,yes,yes,mayora__wafers,
STR_115,Mayora,PT Mayora Indah Tbk / PT Torabika Eka Semesta,Choki-Choki,Choki-Choki,chocolate,controlled,,,SRC_MYR_003;SRC_MYR_004,verified_consolidated_control,,CAT006,Food,Chocolate,,included,direct,yes,yes,mayora__choki_choki,yes,yes,mayora__chocolate,
STR_116,Mayora,PT Mayora Indah Tbk / PT Torabika Eka Semesta,Beng Beng,Drink Beng Beng,chocolate drink,controlled,,,SRC_MYR_003;SRC_MYR_004,verified_consolidated_control,,CAT007,Beverages,Chocolate Drinks,,included,direct,yes,yes,mayora__beng_beng,yes,yes,mayora__chocolate_drinks,
STR_117,Mayora,PT Mayora Indah Tbk / PT Torabika Eka Semesta,Dark Wonder,Dark Wonder,chocolate,controlled,,,SRC_MYR_003;SRC_MYR_004,verified_consolidated_control,,CAT006,Food,Chocolate,,included,direct,yes,yes,mayora__dark_wonder,yes,yes,mayora__chocolate,
STR_118,Mayora,PT Torabika Eka Semesta,Torabika,Torabika,coffee,controlled,,,SRC_MYR_003;SRC_MYR_004,verified_consolidated_control,,CAT008,Beverages,Coffee,,included,direct,yes,yes,mayora__torabika,yes,yes,mayora__coffee,
STR_119,Mayora,PT Torabika Eka Semesta,Kopiko,Kopiko Brown Coffee,coffee,controlled,,,SRC_MYR_003;SRC_MYR_004,verified_consolidated_control,,CAT008,Beverages,Coffee,,included,direct,yes,yes,mayora__kopiko,yes,yes,mayora__coffee,
STR_120,Mayora,PT Torabika Eka Semesta,Toracafe,Toracafe,coffee,controlled,,,SRC_MYR_003;SRC_MYR_004,verified_consolidated_control,,CAT008,Beverages,Coffee,,included,direct,yes,yes,mayora__toracafe,yes,yes,mayora__coffee,
STR_121,Mayora,PT Torabika Eka Semesta,Teh Pucuk Susu,Teh Pucuk Susu Jasmine,tea-based beverage,controlled,,,SRC_MYR_003;SRC_MYR_004,verified_consolidated_control,,CAT033,Beverages,Tea,Tea-based Beverage,included,direct,yes,yes,mayora__teh_pucuk_susu,yes,yes,mayora__tea,
STR_122,Mayora,PT Torabika Eka Semesta,Energen,Energen,health food,controlled,,,SRC_MYR_003;SRC_MYR_004,verified_consolidated_control,,CAT018,Food,Nutrition and Health Foods,Health Food,included,direct,yes,yes,mayora__energen,yes,yes,mayora__nutrition_and_health_foods,
STR_123,Mayora,PT Torabika Eka Semesta,Prima Cereal,Prima Cereal,health food,controlled,,,SRC_MYR_003;SRC_MYR_004,verified_consolidated_control,,CAT018,Food,Nutrition and Health Foods,Health Food,included,direct,yes,yes,mayora__prima_cereal,yes,yes,mayora__nutrition_and_health_foods,
STR_124,Mayora,PT Tirta Fresindo Jaya,Le Minerale,Le Minerale,packaged water,related_group_affiliate,,,SRC_MYR_003;SRC_MYR_005;SRC_LMN_001,verified_related_party_operator_not_consolidated,Excluded from strict-control primary view; sensitivity only.,CAT025,Beverages,Packaged Water,,included,direct,yes,no,mayora__le_minerale,no,no,,outside_current_strict_control_primary_view
STR_125,Unilever Indonesia,PT Unilever Indonesia Tbk,Citra,Citra,beauty and wellbeing,controlled,,,SRC_UNV_001;SRC_UNV_003,verified_2024_portfolio_no_divestment_identified,,CAT001,Personal Care,Beauty and Wellbeing,,included,direct,yes,yes,unilever_indonesia__citra,yes,yes,unilever_indonesia__beauty_and_wellbeing,
STR_126,Unilever Indonesia,PT Unilever Indonesia Tbk,Clear,Clear,beauty and wellbeing,controlled,,,SRC_UNV_001;SRC_UNV_003,verified_2024_portfolio_no_divestment_identified,,CAT001,Personal Care,Beauty and Wellbeing,,included,direct,yes,yes,unilever_indonesia__clear,yes,yes,unilever_indonesia__beauty_and_wellbeing,
STR_127,Unilever Indonesia,PT Unilever Indonesia Tbk,Baby Dove,Baby Dove,beauty and wellbeing,controlled,,,SRC_UNV_001;SRC_UNV_003,verified_2024_portfolio_no_divestment_identified,,CAT001,Personal Care,Beauty and Wellbeing,,included,direct,yes,yes,unilever_indonesia__baby_dove,yes,yes,unilever_indonesia__beauty_and_wellbeing,
STR_128,Unilever Indonesia,PT Unilever Indonesia Tbk,Dove,Dove,beauty and wellbeing / personal care,controlled,,,SRC_UNV_001;SRC_UNV_003,verified_2024_portfolio_no_divestment_identified,,CAT002,Personal Care,Personal Care,,included,resolved_with_caveat,yes,yes,unilever_indonesia__dove,yes,yes,unilever_indonesia__personal_care,
STR_129,Unilever Indonesia,PT Unilever Indonesia Tbk,Glow & Lovely,Glow & Lovely,beauty and wellbeing / personal care,controlled,,,SRC_UNV_001;SRC_UNV_003,verified_2024_portfolio_no_divestment_identified,,CAT002,Personal Care,Personal Care,,included,resolved_with_caveat,yes,yes,unilever_indonesia__glow_lovely,yes,yes,unilever_indonesia__personal_care,
STR_130,Unilever Indonesia,PT Unilever Indonesia Tbk,Lifebuoy,Lifebuoy,beauty and wellbeing / personal care / home care,controlled,,,SRC_UNV_001;SRC_UNV_003,verified_2024_portfolio_no_divestment_identified,,CAT003,,,,included,requires_brand_level_mapping,yes,yes,unilever_indonesia__lifebuoy,yes,no,,category_mapping_not_ready_for_category_breadth
STR_131,Unilever Indonesia,PT Unilever Indonesia Tbk,Pond's,Pond's,beauty and wellbeing,controlled,,,SRC_UNV_001;SRC_UNV_003,verified_2024_portfolio_no_divestment_identified,,CAT001,Personal Care,Beauty and Wellbeing,,included,direct,yes,yes,unilever_indonesia__pond_s,yes,yes,unilever_indonesia__beauty_and_wellbeing,
STR_132,Unilever Indonesia,PT Unilever Indonesia Tbk,Sunsilk,Sunsilk,beauty and wellbeing,controlled,,,SRC_UNV_001;SRC_UNV_003,verified_2024_portfolio_no_divestment_identified,,CAT001,Personal Care,Beauty and Wellbeing,,included,direct,yes,yes,unilever_indonesia__sunsilk,yes,yes,unilever_indonesia__beauty_and_wellbeing,
STR_133,Unilever Indonesia,PT Unilever Indonesia Tbk,TRESemmé,TRESemmé,beauty and wellbeing,controlled,,,SRC_UNV_001;SRC_UNV_003,verified_2024_portfolio_no_divestment_identified,,CAT001,Personal Care,Beauty and Wellbeing,,included,direct,yes,yes,unilever_indonesia__tresemm,yes,yes,unilever_indonesia__beauty_and_wellbeing,
STR_134,Unilever Indonesia,PT Unilever Indonesia Tbk,Vaseline,Vaseline,beauty and wellbeing,controlled,,,SRC_UNV_001;SRC_UNV_003,verified_2024_portfolio_no_divestment_identified,,CAT001,Personal Care,Beauty and Wellbeing,,included,direct,yes,yes,unilever_indonesia__vaseline,yes,yes,unilever_indonesia__beauty_and_wellbeing,
STR_135,Unilever Indonesia,PT Unilever Indonesia Tbk,Zwitsal,Zwitsal,beauty and wellbeing,controlled,,,SRC_UNV_001;SRC_UNV_003,verified_2024_portfolio_no_divestment_identified,,CAT001,Personal Care,Beauty and Wellbeing,,included,direct,yes,yes,unilever_indonesia__zwitsal,yes,yes,unilever_indonesia__beauty_and_wellbeing,
STR_136,Unilever Indonesia,PT Unilever Indonesia Tbk,Axe,Axe,personal care,controlled,,,SRC_UNV_001;SRC_UNV_003,verified_2024_portfolio_no_divestment_identified,,CAT028,Personal Care,Personal Care,,included,direct,yes,yes,unilever_indonesia__axe,yes,yes,unilever_indonesia__personal_care,
STR_137,Unilever Indonesia,PT Unilever Indonesia Tbk,Close Up,Close Up,personal care,controlled,,,SRC_UNV_001;SRC_UNV_003,verified_2024_portfolio_no_divestment_identified,,CAT028,Personal Care,Personal Care,,included,direct,yes,yes,unilever_indonesia__close_up,yes,yes,unilever_indonesia__personal_care,
STR_138,Unilever Indonesia,PT Unilever Indonesia Tbk,Pepsodent,Pepsodent,personal care,controlled,,,SRC_UNV_001;SRC_UNV_003,verified_2024_portfolio_no_divestment_identified,,CAT028,Personal Care,Personal Care,,included,direct,yes,yes,unilever_indonesia__pepsodent,yes,yes,unilever_indonesia__personal_care,
STR_139,Unilever Indonesia,PT Unilever Indonesia Tbk,Lux,Lux,personal care,controlled,,,SRC_UNV_001;SRC_UNV_003,verified_2024_portfolio_no_divestment_identified,,CAT028,Personal Care,Personal Care,,included,direct,yes,yes,unilever_indonesia__lux,yes,yes,unilever_indonesia__personal_care,
STR_140,Unilever Indonesia,PT Unilever Indonesia Tbk,Rexona,Rexona,personal care,controlled,,,SRC_UNV_001;SRC_UNV_003,verified_2024_portfolio_no_divestment_identified,,CAT028,Personal Care,Personal Care,,included,direct,yes,yes,unilever_indonesia__rexona,yes,yes,unilever_indonesia__personal_care,
STR_141,Unilever Indonesia,PT Unilever Indonesia Tbk,Sunlight,Sunlight,home care,controlled,,,SRC_UNV_001;SRC_UNV_003,verified_2024_portfolio_no_divestment_identified,,CAT019,Home Care,Home Care,,included,direct,yes,yes,unilever_indonesia__sunlight,yes,yes,unilever_indonesia__home_care,
STR_142,Unilever Indonesia,PT Unilever Indonesia Tbk,Rinso,Rinso,home care,controlled,,,SRC_UNV_001;SRC_UNV_003,verified_2024_portfolio_no_divestment_identified,,CAT019,Home Care,Home Care,,included,direct,yes,yes,unilever_indonesia__rinso,yes,yes,unilever_indonesia__home_care,
STR_143,Unilever Indonesia,PT Unilever Indonesia Tbk,Molto,Molto,home care,controlled,,,SRC_UNV_001;SRC_UNV_003,verified_2024_portfolio_no_divestment_identified,,CAT019,Home Care,Home Care,,included,direct,yes,yes,unilever_indonesia__molto,yes,yes,unilever_indonesia__home_care,
STR_144,Unilever Indonesia,PT Unilever Indonesia Tbk,Superpell,Superpell,home care,controlled,,,SRC_UNV_001;SRC_UNV_003,verified_2024_portfolio_no_divestment_identified,,CAT019,Home Care,Home Care,,included,direct,yes,yes,unilever_indonesia__superpell,yes,yes,unilever_indonesia__home_care,
STR_145,Unilever Indonesia,PT Unilever Indonesia Tbk,Vixal,Vixal,home care,controlled,,,SRC_UNV_001;SRC_UNV_003,verified_2024_portfolio_no_divestment_identified,,CAT019,Home Care,Home Care,,included,direct,yes,yes,unilever_indonesia__vixal,yes,yes,unilever_indonesia__home_care,
STR_146,Unilever Indonesia,PT Unilever Indonesia Tbk,Wipol,Wipol,home care,controlled,,,SRC_UNV_001;SRC_UNV_003,verified_2024_portfolio_no_divestment_identified,,CAT019,Home Care,Home Care,,included,direct,yes,yes,unilever_indonesia__wipol,yes,yes,unilever_indonesia__home_care,
STR_147,Unilever Indonesia,PT Unilever Indonesia Tbk,Bango,Bango,foods,controlled,,,SRC_UNV_001;SRC_UNV_003,verified_2024_portfolio_no_divestment_identified,,CAT015,Food,General Foods,,included,resolved_with_caveat,yes,yes,unilever_indonesia__bango,yes,yes,unilever_indonesia__general_foods,
STR_148,Unilever Indonesia,PT Unilever Indonesia Tbk,Buavita,Buavita,foods,controlled,,,SRC_UNV_001;SRC_UNV_003,verified_2024_portfolio_no_divestment_identified,,CAT015,Food,General Foods,,included,resolved_with_caveat,yes,yes,unilever_indonesia__buavita,yes,yes,unilever_indonesia__general_foods,
STR_149,Unilever Indonesia,PT Unilever Indonesia Tbk,Royco,Royco,foods,controlled,,,SRC_UNV_001;SRC_UNV_003,verified_2024_portfolio_no_divestment_identified,,CAT015,Food,General Foods,,included,resolved_with_caveat,yes,yes,unilever_indonesia__royco,yes,yes,unilever_indonesia__general_foods,
STR_150,Unilever Indonesia,PT Unilever Indonesia Tbk,SariWangi,SariWangi,tea,former_portfolio,,2026-03-02,SRC_UNV_001;SRC_UNV_002,verified_divestment,Historical portfolio; end date follows disclosed transfer.,CAT032,Beverages,Tea,Tea,included,direct,no,no,unilever_indonesia__sariwangi,no,no,,outside_current_strict_control_primary_view
STR_151,Unilever Indonesia,PT Unilever Indonesia Tbk,Cornetto,Cornetto,ice cream,former_portfolio,,2025-12-08,SRC_UNV_001;SRC_UNV_002,verified_divestment,Historical portfolio; end date follows disclosed transfer.,CAT020,Dairy,Ice Cream,,included,direct,no,no,unilever_indonesia__cornetto,no,no,,outside_current_strict_control_primary_view
STR_152,Unilever Indonesia,PT Unilever Indonesia Tbk,Magnum,Magnum,ice cream,former_portfolio,,2025-12-08,SRC_UNV_001;SRC_UNV_002,verified_divestment,Historical portfolio; end date follows disclosed transfer.,CAT020,Dairy,Ice Cream,,included,direct,no,no,unilever_indonesia__magnum,no,no,,outside_current_strict_control_primary_view
STR_153,Unilever Indonesia,PT Unilever Indonesia Tbk,Paddle Pop,Paddle Pop,ice cream,former_portfolio,,2025-12-08,SRC_UNV_001;SRC_UNV_002,verified_divestment,Historical portfolio; end date follows disclosed transfer.,CAT020,Dairy,Ice Cream,,included,direct,no,no,unilever_indonesia__paddle_pop,no,no,,outside_current_strict_control_primary_view
STR_154,Unilever Indonesia,PT Unilever Indonesia Tbk,Wall's,Wall's,ice cream,former_portfolio,,2025-12-08,SRC_UNV_001;SRC_UNV_002,verified_divestment,Historical portfolio; end date follows disclosed transfer.,CAT020,Dairy,Ice Cream,,included,direct,no,no,unilever_indonesia__wall_s,no,no,,outside_current_strict_control_primary_view
STR_155,Unilever Indonesia,PT Unilever Indonesia Tbk,Knorr,Knorr,foodservice,controlled_context_only,,,SRC_UNV_001,verified_2024_ufs_portfolio,Context only; excluded from primary household FMCG universe.,CAT016,,,,excluded,excluded_context_only,yes,no,unilever_indonesia__knorr,no,no,,outside_current_strict_control_primary_view
STR_156,Unilever Indonesia,PT Unilever Indonesia Tbk,Hellmann's,Hellmann's,foodservice,controlled_context_only,,,SRC_UNV_001,verified_2024_ufs_portfolio,Context only; excluded from primary household FMCG universe.,CAT016,,,,excluded,excluded_context_only,yes,no,unilever_indonesia__hellmann_s,no,no,,outside_current_strict_control_primary_view
STR_157,Unilever Indonesia,PT Unilever Indonesia Tbk,Lipton,Lipton,foodservice,controlled_context_only,,,SRC_UNV_001,verified_2024_ufs_portfolio,Context only; excluded from primary household FMCG universe.,CAT016,,,,excluded,excluded_context_only,yes,no,unilever_indonesia__lipton,no,no,,outside_current_strict_control_primary_view
